ID DEPARTMENT,ID EMPLOYEE
fe07242a-1178-4ead-9099-2fb05450d0c0,0684e30b-1d88-49cc-8884-ee6053c1839a
4983e508-5a4a-4ba6-a97c-df4769091355,b15af1cf-3e2c-4593-ba10-50eca9ae3745
90a8f94a-6583-4ed0-a751-7179e2d23305,f2eda6a6-8d4a-4050-9398-3c0eea25ef7f
fe07242a-1178-4ead-9099-2fb05450d0c0,0684e30b-1d88-49cc-8884-ee6053c1839a
4983e508-5a4a-4ba6-a97c-df4769091355,b15af1cf-3e2c-4593-ba10-50eca9ae3745
fe07242a-1178-4ead-9099-2fb05450d0c0,856a996b-3d50-4703-bdba-668d88f2c426
3e6a9cf0-de0f-4dc1-b7ab-71e401331ca7,e517d530-31de-40fc-8d12-4ce31b0c516c
3e6a9cf0-de0f-4dc1-b7ab-71e401331ca7,e517d530-31de-40fc-8d12-4ce31b0c516c
3e6a9cf0-de0f-4dc1-b7ab-71e401331ca7,ac69882e-d3f9-405f-b842-0d9de8ac5262
3e6a9cf0-de0f-4dc1-b7ab-71e401331ca7,e517d530-31de-40fc-8d12-4ce31b0c516c
3e6a9cf0-de0f-4dc1-b7ab-71e401331ca7,ac69882e-d3f9-405f-b842-0d9de8ac5262
3e6a9cf0-de0f-4dc1-b7ab-71e401331ca7,2614e590-3ddf-4742-872a-f5aaea28badd
